epoch,accuracy,clean_accuracy,clean_loss,learning_rate,loss,val_accuracy,val_loss
5,0.4950000047683716,0.6,0.5932937860488892,9.999999747378752e-05,0.8608651161193848,0.3607843220233917,1.0168828964233398
6,0.5665000081062317,0.654,0.4310319125652313,9.999999747378752e-05,0.6436176896095276,0.4000000059604645,0.7206695675849915
7,0.5954999923706055,0.676,0.3719574511051178,9.999999747378752e-05,0.5940579771995544,0.4924369752407074,0.5675509572029114
8,0.6159999966621399,0.73,0.3243924677371979,9.999999747378752e-05,0.5370562076568604,0.4941176474094391,0.5712971687316895
9,0.6234999895095825,0.728,0.3042423725128174,9.999999747378752e-05,0.5133591294288635,0.49915966391563416,0.5397825241088867
10,0.6449999809265137,0.746,0.2845818102359772,9.999999747378752e-05,0.4703378975391388,0.5198879837989807,0.5052175521850586
11,0.6389999985694885,0.758,0.25852084159851074,9.999999747378752e-05,0.44149282574653625,0.5523809790611267,0.48935920000076294
12,0.6660000085830688,0.774,0.23224332928657532,9.999999747378752e-05,0.42944449186325073,0.5837535262107849,0.4575306177139282
13,0.6675000190734863,0.788,0.21445724368095398,9.999999747378752e-05,0.40854567289352417,0.6128851771354675,0.44145286083221436
14,0.6765000224113464,0.804,0.20798049867153168,9.999999747378752e-05,0.3764391541481018,0.5568627715110779,0.4617231488227844
15,0.6809999942779541,0.804,0.20051324367523193,9.999999747378752e-05,0.3688162863254547,0.5770308375358582,0.44772830605506897
16,0.7070000171661377,0.82,0.1830025017261505,2.9999999242136255e-05,0.32955583930015564,0.5691877007484436,0.465547114610672
17,0.715499997138977,0.832,0.18120644986629486,2.9999999242136255e-05,0.3346811532974243,0.5675070285797119,0.4605921804904938
18,0.7014999985694885,0.812,0.18890348076820374,8.999999408842996e-06,0.3374556601047516,0.572549045085907,0.44713932275772095
