epoch,accuracy,clean_accuracy,clean_loss,learning_rate,loss,val_accuracy,val_loss,val_mild_prec,val_mild_recall,val_qwk,val_severe_recall
5,0.6986871361732483,0.7984031936127745,0.23152270913124084,9.999999747378752e-05,0.3731948435306549,0.7260504364967346,0.318166583776474,0.10619469026548672,0.13186813186813187,0.7426454640883499,0.30303030303030304
6,0.7556062936782837,0.8083832335329342,0.1972004771232605,9.999999747378752e-05,0.29199013113975525,0.7669467926025391,0.2753007709980011,0.1282051282051282,0.054945054945054944,0.7652678999722383,0.15151515151515152
7,0.7772975564002991,0.8023952095808383,0.19985413551330566,9.999999747378752e-05,0.2507184147834778,0.7703081369400024,0.27237245440483093,0.16666666666666666,0.0989010989010989,0.7764367673061876,0.06060606060606061
8,0.7962162494659424,0.844311377245509,0.15449021756649017,9.999999747378752e-05,0.2315235584974289,0.8044818043708801,0.22553998231887817,0.2857142857142857,0.10989010989010989,0.8135136305236899,0.2727272727272727
9,0.8097529411315918,0.8542914171656687,0.1425144523382187,9.999999747378752e-05,0.213808074593544,0.8084033727645874,0.23178215324878693,0.36,0.0989010989010989,0.8090922288819296,0.21212121212121213
10,0.8192122578620911,0.8882235528942116,0.11987639963626862,9.999999747378752e-05,0.2013796865940094,0.8224089741706848,0.20689281821250916,0.2926829268292683,0.13186813186813187,0.8353794009276622,0.3333333333333333
11,0.8294870853424072,0.8842315369261478,0.1169668436050415,9.999999747378752e-05,0.1907292902469635,0.821288526058197,0.20927749574184418,0.38461538461538464,0.10989010989010989,0.8243965995061941,0.24242424242424243
12,0.8347875475883484,0.8822355289421158,0.10641910880804062,9.999999747378752e-05,0.17957688868045807,0.8274509906768799,0.2017030119895935,0.3181818181818182,0.07692307692307693,0.8427248274656242,0.3333333333333333
13,0.8435945510864258,0.8902195608782435,0.10070481896400452,9.999999747378752e-05,0.16507470607757568,0.8336134552955627,0.20184621214866638,0.41379310344827586,0.13186813186813187,0.8485330276533583,0.3939393939393939
14,0.8537063002586365,0.8942115768463074,0.091544970870018,9.999999747378752e-05,0.15477927029132843,0.8386554718017578,0.19208458065986633,0.3142857142857143,0.12087912087912088,0.8560781949486268,0.30303030303030304
15,0.8524830937385559,0.908183632734531,0.0879584476351738,9.999999747378752e-05,0.15450192987918854,0.8364145755767822,0.19419461488723755,0.41025641025641024,0.17582417582417584,0.8527809961534705,0.36363636363636365
16,0.8610454201698303,0.9141716566866267,0.08217156678438187,9.999999747378752e-05,0.14159977436065674,0.8420168161392212,0.1925913393497467,0.4318181818181818,0.2087912087912088,0.8649191593754245,0.42424242424242425
17,0.8717279434204102,0.9121756487025948,0.07938549667596817,2.9999999242136255e-05,0.13200567662715912,0.8453781604766846,0.20076178014278412,0.5,0.1978021978021978,0.8638848157597696,0.2727272727272727
18,0.8749082684516907,0.9201596806387226,0.07244957238435745,2.9999999242136255e-05,0.1284901350736618,0.8526610732078552,0.19265255331993103,0.49122807017543857,0.3076923076923077,0.8693410000748137,0.5151515151515151
19,0.8789040446281433,0.9101796407185628,0.07180602848529816,8.999999408842996e-06,0.12021046131849289,0.8492997288703918,0.1926400512456894,0.5,0.26373626373626374,0.8669865430206691,0.3333333333333333
