epoch,accuracy,loss,val_accuracy,val_loss,clean_accuracy,clean_loss,val_qwk,val_mild_recall,val_mild_prec,val_severe_recall,learning_rate,phase
1,0.6033076047897339,0.7713946104049683,0.7002801299095154,0.37874481081962585,0.698,0.3529556393623352,0.6428300796449156,0.0,0.0,0.06060606060606061,,1
2,0.6602972149848938,0.42692914605140686,0.6980392336845398,0.3640565872192383,0.736,0.3227732181549072,0.6453894630803017,0.03296703296703297,0.16666666666666666,0.0,,1
3,0.6734830737113953,0.3896823823451996,0.7198879718780518,0.33337756991386414,0.716,0.29731565713882446,0.6905845604121075,0.01098901098901099,0.07692307692307693,0.06060606060606061,,1
4,0.6882333159446716,0.3660927414894104,0.7176470756530762,0.33246076107025146,0.718,0.3096635043621063,0.6678620161635617,0.01098901098901099,0.3333333333333333,0.06060606060606061,,1
5,0.6863336563110352,0.3662845194339752,0.7322129011154175,0.3339996933937073,0.72,0.30142712593078613,0.7234240475971299,0.0,0.0,0.030303030303030304,,1
6,0.699184238910675,0.35627293586730957,0.7759103775024414,0.26745885610580444,0.802,0.24133411049842834,0.756788453178425,0.01098901098901099,0.5,0.21212121212121213,9.999999747378752e-05,2
7,0.7546094655990601,0.2938860356807709,0.8151260614395142,0.23735201358795166,0.832,0.19342507421970367,0.8123536946386144,0.054945054945054944,0.625,0.36363636363636365,9.999999747378752e-05,2
8,0.7778522968292236,0.26547983288764954,0.831932783126831,0.21534056961536407,0.858,0.17238113284111023,0.8356581847898951,0.0989010989010989,0.5294117647058824,0.5151515151515151,9.999999747378752e-05,2
9,0.8025477528572083,0.23075877130031586,0.8240896463394165,0.20608185231685638,0.856,0.15974463522434235,0.8250873730019358,0.13186813186813187,0.41379310344827586,0.5151515151515151,9.999999747378752e-05,2
10,0.8093641996383667,0.21550355851650238,0.8184874057769775,0.21113362908363342,0.86,0.14729344844818115,0.8275935702632237,0.15384615384615385,0.3333333333333333,0.30303030303030304,9.999999747378752e-05,2
11,0.8098111748695374,0.2073739916086197,0.83753502368927,0.19290301203727722,0.868,0.12956656515598297,0.8470732095243682,0.10989010989010989,0.4,0.42424242424242425,9.999999747378752e-05,2
12,0.8194211721420288,0.19306884706020355,0.8453781604766846,0.18736235797405243,0.88,0.12697285413742065,0.8663927572098492,0.18681318681318682,0.5151515151515151,0.5757575757575758,9.999999747378752e-05,2
13,0.8260141015052795,0.1854066699743271,0.8509804010391235,0.18929921090602875,0.876,0.11527008563280106,0.8580853205363659,0.2967032967032967,0.45,0.5151515151515151,9.999999747378752e-05,2
14,0.8348419070243835,0.17925089597702026,0.853781521320343,0.1854299157857895,0.89,0.11154767125844955,0.8672330685272671,0.21978021978021978,0.47619047619047616,0.5454545454545454,9.999999747378752e-05,2
15,0.8409878015518188,0.17233982682228088,0.848179280757904,0.19338761270046234,0.886,0.10599038749933243,0.8563622156080833,0.13186813186813187,0.5454545454545454,0.6363636363636364,9.999999747378752e-05,2
16,0.8501508831977844,0.16089008748531342,0.853781521320343,0.18491552770137787,0.902,0.09082109481096268,0.8674010023312937,0.38461538461538464,0.44871794871794873,0.6060606060606061,9.999999747378752e-05,2
17,0.8533914685249329,0.15272007882595062,0.8621848821640015,0.18766464293003082,0.906,0.09240749478340149,0.882610653521831,0.32967032967032966,0.5172413793103449,0.6363636363636364,9.999999747378752e-05,2
18,0.8558498024940491,0.15009497106075287,0.8588235378265381,0.18004728853702545,0.896,0.08269412815570831,0.8711335488987859,0.32967032967032966,0.4918032786885246,0.3939393939393939,9.999999747378752e-05,2
19,0.8606548309326172,0.140957310795784,0.8610644340515137,0.17675082385540009,0.9,0.07565073668956757,0.8687574732525446,0.32967032967032966,0.47619047619047616,0.5757575757575758,9.999999747378752e-05,2
20,0.8646776080131531,0.1374552696943283,0.8711484670639038,0.17834527790546417,0.916,0.07104548066854477,0.895911381917924,0.26373626373626374,0.5333333333333333,0.6666666666666666,9.999999747378752e-05,2
21,0.8726114630699158,0.12894393503665924,0.864986002445221,0.17979371547698975,0.914,0.06944471597671509,0.8928314758089876,0.2857142857142857,0.52,0.6666666666666666,9.999999747378752e-05,2
22,0.8828919529914856,0.11319436877965927,0.8672268986701965,0.178585484623909,0.926,0.06386927515268326,0.8912516418670335,0.32967032967032966,0.5084745762711864,0.6666666666666666,2.9999999242136255e-05,2
23,0.8809922933578491,0.10987947136163712,0.8694677948951721,0.17804934084415436,0.93,0.05900519713759422,0.8915462674176127,0.3076923076923077,0.56,0.6060606060606061,2.9999999242136255e-05,2
24,0.8930606842041016,0.09747251868247986,0.8672268986701965,0.17371298372745514,0.928,0.056079499423503876,0.8928927773089962,0.31868131868131866,0.5087719298245614,0.6060606060606061,8.999999408842996e-06,2
25,0.8908258080482483,0.0987020954489708,0.8683473467826843,0.18034034967422485,0.93,0.05421699956059456,0.8884899362799636,0.3076923076923077,0.5714285714285714,0.6363636363636364,8.999999408842996e-06,2
26,0.8957425355911255,0.09782557934522629,0.8778711557388306,0.1732935756444931,0.938,0.05208414047956467,0.9035588417299696,0.32967032967032966,0.5172413793103449,0.6060606060606061,8.999999408842996e-06,2
27,0.8986479043960571,0.0946429893374443,0.8717086911201477,0.18243452906608582,0.928,0.05138552933931351,0.888681077364836,0.3516483516483517,0.5925925925925926,0.6060606060606061,8.999999408842996e-06,2
28,0.8890379071235657,0.09610643237829208,0.8711484670639038,0.18534711003303528,0.936,0.04797084629535675,0.8941109910650888,0.2967032967032967,0.5625,0.6060606060606061,8.999999408842996e-06,2
29,0.8966364860534668,0.09402119368314743,0.8773109316825867,0.17351870238780975,0.934,0.04930036887526512,0.9027057565848198,0.3516483516483517,0.5333333333333333,0.6060606060606061,2.699999868127634e-06,2
30,0.898759663105011,0.09200958162546158,0.8739495873451233,0.17656368017196655,0.934,0.04858088865876198,0.895317028168326,0.34065934065934067,0.5344827586206896,0.6060606060606061,2.699999868127634e-06,2
31,0.901329755783081,0.09030752629041672,0.8739495873451233,0.17707623541355133,0.936,0.04995962604880333,0.8939823207215458,0.3626373626373626,0.5409836065573771,0.6060606060606061,8.099999604382901e-07,2
